url,genre,domain,ads,imgratio,inlinks,wot,pageloadtime,misspelled,hyperlinks,cookie,brokenlinks,responsive,lastmod,langcount,outlinks,redirected
https://noscript.net/changelog,Portrayl-org,net,11,0.9948035182,256000,"[94, 63]",26,41,"{""contact"": 1, ""email"": 0, ""sitemap"": 0, ""help"": 0}",No,14,FALSE,10/09/2017 10:39:31,1,10,Field NA
http://www.milincorporated.com/,shop,com,5,0.2061794842,0,"[69, 7]",251,+++,+++,No,0,FALSE,01/01/2016 14:42:54,1,3,Field NA
http://www.defcon-5.com/,shop,com,0,0.0855627278,335000,"[81, 10]",255,0,"{""contact"": 1, ""email"": 0, ""sitemap"": 0, ""help"": 0}",No,1,FALSE,17/08/2017 08:01:40,1,0,Field NA
https://twitter.com/CTIN_Global/status/790670640642654208/photo/1,other,com,14,0.7668132394,0,NA,53,162,"{""contact"": 0, ""email"": 0, ""sitemap"": 0, ""help"": 0}",Yes,24,FALSE,21/08/2017 10:41:13,44,10,Field NA
http://www.ncbi.nlm.nih.gov/pubmed/25204641,articles,gov,37,0.2498734533,0,"[94, 69]",53,2,"{""contact"": 1, ""email"": 0, ""sitemap"": 0, ""help"": 1}",Yes,7,TRUE,03/09/2017 17:17:56,1,32,https://www.ncbi.nlm.nih.gov/pubmed/25204641
http://www.cpatrol.com/,shop,com,3,0.3153997514,546000000,NA,301,0,"{""contact"": 1, ""email"": 0, ""sitemap"": 0, ""help"": 0}",Yes,1,FALSE,12/08/2017 09:27:26,1,3,http://www.cpatrol.com/index.portal
http://www.cioforum.com/,Portrayl-org,com,16,0.079875549,0,"[59, 3]",171,0,"{""contact"": 1, ""email"": 0, ""sitemap"": 0, ""help"": 0}",Yes,0,FALSE,10/08/2017 15:44:44,1,16,Field NA
http://www.youtube.com/watch?v=lqB-0sI8e-4,other,com,7,0.0434336342,0,Error in binding req to urllib2,25,0,"{""contact"": 0, ""email"": 0, ""sitemap"": 0, ""help"": 1}",Yes,0,TRUE,06/09/2017 21:56:39,1,7,https://www.youtube.com/watch?v=lqB-0sI8e-4
http://www.cc.gatech.edu/~wenke/project/id.html,Portrayl-org,edu,0,1,0,"[63, 4]",248,0,"{""contact"": 0, ""email"": 0, ""sitemap"": 0, ""help"": 0}",No,0,FALSE,22/08/2011 19:12:58,1,0,http://wenke.gtisc.gatech.edu/project/id.html
http://news.softpedia.com/news/Hackers-Trick-Facebook-Users-Into-Self-Cross-Site-Scripting-XSS-Scam-452364.shtml,articles,com,48,0.4578247988,0,NA,130,40,"{""contact"": 1, ""email"": 0, ""sitemap"": 0, ""help"": 1}",Yes,0,TRUE,09/09/2017 13:15:22,1,19,Field NA
https://web.archive.org/web/20090207005135/http://www.nsa.gov/ia/programs/suiteb_cryptography/index.shtml,Portrayl-org,org,13,1,0,"[83, 40]",47,0,"{""contact"": 1, ""email"": 0, ""sitemap"": 1, ""help"": 1}",No,118,FALSE,01/09/2017 13:35:03,1,4,Field NA
http://safecurves.cr.yp.to/,articles,to,4,1,0,"[94, 21]",373,0,"{""contact"": 0, ""email"": 0, ""sitemap"": 0, ""help"": 0}",No,0,FALSE,22/01/2017 18:14:03,1,4,Field NA
http://www.theverge.com/2016/10/24/13380448/ddos-dyn-attack-internet-infrastructure?utm_campaign=theverge&utm_content=chorus&utm_medium=social&utm_source=twitter,articles,com,75,0.0065107326,0,Error in binding req to urllib2,+++,57,"{""contact"": 1, ""email"": 0, ""sitemap"": 0, ""help"": 0}",Yes,2,FALSE,21/08/2017 11:10:17,1,34,https://www.theverge.com/2016/10/24/13380448/ddos-dyn-attack-internet-infrastructure?utm_campaign=theverge&utm_content=chorus&utm_medium=social&utm_source=twitter
http://www.elektor.com/magazines/2011/june/geolocation-with-the-atm18.1810917.lynkx,articles,com,65,0.329813798,0,NA,+++,8,"{""contact"": 0, ""email"": 0, ""sitemap"": 0, ""help"": 0}",Yes,70,TRUE,22/09/2017 08:43:06,1,20,https://www.elektormagazine.com/magazine/elektor-201106/19603
http://howtodoinjava.com/spring/spring-aop/spring-aop-aspectj-example-tutorial-using-annotation-config/,help,com,64,0.6871736332,0,"[86, 10]",103,7,"{""contact"": 0, ""email"": 0, ""sitemap"": 0, ""help"": 0}",Yes,1,TRUE,31/08/2017 18:31:25,1,17,Field NA
http://adsabs.harvard.edu/abs/1970ApJ...159..379R,articles,edu,33,0.3226294981,0,"[93, 50]",556,11,"{""contact"": 0, ""email"": 0, ""sitemap"": 0, ""help"": 1}",Yes,8,FALSE,09/09/2017 13:27:26,1,7,Field NA
http://www.h-online.com/security/news/item/WhatsApp-no-longer-sends-plain-text-1674723.html,articles,com,13,1,0,"[93, 55]",55,54,"{""contact"": 0, ""email"": 0, ""sitemap"": 0, ""help"": 0}",No,125,FALSE,13/02/2014 22:37:35,1,6,Field NA
http://technet.microsoft.com/en-us/library/cc750569.aspx,help,com,126,0.6228172085,0,NA,221,8,"{""contact"": 1, ""email"": 0, ""sitemap"": 0, ""help"": 1}",Yes,7,TRUE,12/08/2017 08:57:53,1,61,https://technet.microsoft.com/en-us/library/cc750569.aspx
http://docs.saltstack.com/en/latest/,Portrayl-org,com,29,0.0111637676,0,"[63, 4]",194,3,"{""contact"": 0, ""email"": 1, ""sitemap"": 0, ""help"": 0}",No,59,FALSE,18/07/2017 21:29:17,1,25,https://docs.saltstack.com/en/latest/
http://www.infoworld.com/article/2996284/hybrid-cloud/bye-bye-hp-public-cloud-5-no-bull-takeaways.html,articles,com,56,0.3722050917,0,NA,+++,2,"{""contact"": 1, ""email"": 0, ""sitemap"": 0, ""help"": 0}",No,9,FALSE,26/09/2017 09:58:28,1,37,https://www.infoworld.com/article/2996284/hybrid-cloud/bye-bye-hp-public-cloud-5-no-bull-takeaways.html
http://www.mcafee.com/us/products/network-security-platform.aspx,Portrayl-org,com,70,0.9582509409,1,"[92, 58]",+++,15,"{""contact"": 1, ""email"": 0, ""sitemap"": 0, ""help"": 0}",Yes,115,FALSE,07/10/2017 09:59:21,1,30,https://www.mcafee.com/us/products/network-security-platform.aspx
http://securityaffairs.co/wordpress/52583/hacking/dyn-dns-service-ddos-3.html,articles,co,117,0.1379345426,0,"[85, 11]",55,4,"{""contact"": 1, ""email"": 1, ""sitemap"": 0, ""help"": 0}",Yes,64,TRUE,19/08/2017 19:22:06,1,14,Field NA
http://www.protomatter.com/rscan/,articles,com,1,1,0,"[62, 4]",223,0,"{""contact"": 0, ""email"": 0, ""sitemap"": 0, ""help"": 0}",No,0,FALSE,05/08/2006 02:19:27,1,1,Field NA
http://d-nb.info/gnd/6510543-6,help,de,29,0.0441286691,0,Error in binding req to urllib2,+++,41,"{""contact"": 0, ""email"": 1, ""sitemap"": 0, ""help"": 1}",Yes,2,FALSE,21/09/2017 23:00:07,1,28,https://portal.dnb.de/opac.htm?method=simpleSearch&cqlMode=true&query=idn%3D979858798
http://tech.firstpost.com/news-analysis/us-regulators-ask-automakers-to-ensure-vehicles-security-against-hackers-and-cyber-attacks-343263.html,articles,com,118,0.176586773,0,NA,96,210,"{""contact"": 1, ""email"": 0, ""sitemap"": 0, ""help"": 0}",Yes,43,TRUE,23/08/2017 13:26:33,1,25,http://www.firstpost.com/tech/news-analysis/us-regulators-ask-automakers-to-ensure-vehicles-security-against-hackers-and-cyber-attacks-3691035.html
http://www.analytica-world.com/en/news/35566/lims-lis-market-and-poct-supplement.html,articles,com,110,0.4413628558,0,NA,853,6,"{""contact"": 1, ""email"": 0, ""sitemap"": 0, ""help"": 0}",Yes,4,FALSE,06/10/2017 23:27:14,1,21,Field NA
http://web.archive.org/web/20080303151331/http://www.scalevp.com/news/portfolio/20070511-scansafe.html,articles,org,8,1,0,NA,494,1,"{""contact"": 1, ""email"": 0, ""sitemap"": 0, ""help"": 1}",No,19,FALSE,25/09/2017 09:14:45,1,4,Field NA
http://www.npr.org/templates/story/story.php?storyId=4951388,articles,org,32,0.9994407088,0,Error in binding req to urllib2,2190,0,"{""contact"": 1, ""email"": 0, ""sitemap"": 0, ""help"": 1}",No,246,FALSE,08/10/2005 10:17:00,1,23,Field NA
http://www.jdbiggs.com/,Portrayl-org,com,62,0.0392425186,0,"[68, 10]",108,2,"{""contact"": 0, ""email"": 0, ""sitemap"": 0, ""help"": 0}",Yes,1,FALSE,17/08/2017 08:15:47,1,7,Field NA
https://www.helpnetsecurity.com/2016/10/24/dyn-ddos-attack-aftermath/,articles,com,138,0.2858881195,0,NA,51,11,"{""contact"": 1, ""email"": 1, ""sitemap"": 0, ""help"": 1}",Yes,6,TRUE,20/08/2017 05:37:28,1,14,Field NA
https://mail.gnome.org/archives/gnome-office-list/2004-July/msg00053.html,Portrayl-org,org,33,0.4900476292,0,"[95, 52]",+++,0,"{""contact"": 1, ""email"": 1, ""sitemap"": 0, ""help"": 0}",No,21,FALSE,15/07/2012 22:31:26,1,25,Field NA
http://www.nytimes.com/2015/02/15/world/bank-hackers-steal-millions-via-malware.html?_r=0,articles,com,101,0.4473905336,0,Error in binding req to urllib2,+++,54,"{""contact"": 0, ""email"": 0, ""sitemap"": 0, ""help"": 0}",Yes,3,TRUE,22/08/2017 10:55:11,1,13,https://www.nytimes.com/2015/02/15/world/bank-hackers-steal-millions-via-malware.html?_r=0
http://www.w3.org/Security/wiki/Same_Origin_Policy,articles,org,15,1,2,"[95, 65]",+++,1,"{""contact"": 0, ""email"": 0, ""sitemap"": 0, ""help"": 0}",No,19,FALSE,10/09/2017 00:41:57,1,11,https://www.w3.org/Security/wiki/Same_Origin_Policy
http://news.cnet.com/8301-1009_3-10102376-83.html,articles,com,14,0.9677101886,0,"[92, 61]",+++,2,"{""contact"": 0, ""email"": 0, ""sitemap"": 0, ""help"": 0}",Yes,141,FALSE,23/09/2017 12:05:37,1,13,https://www.cnet.com/news/antivirus-firms-shrug-at-microsofts-free-security-suite/
http://stix.mitre.org,other,io,15,0.3577912502,1,NA,273,3,"{""contact"": 0, ""email"": 0, ""sitemap"": 0, ""help"": 0}",No,1,FALSE,19/06/2017 16:24:19,1,13,http://stixproject.github.io/
http://www.win-spy.com/,shop,com,42,0.0592175743,9720000,"[56, 10]",100,6,"{""contact"": 0, ""email"": 0, ""sitemap"": 0, ""help"": 0}",No,30,Info not NA,13/08/2017 08:20:18,1,5,Field NA
https://twitter.com/bmcc265/status/790870872114491392/photo/1,articles,com,15,0.5213418118,0,NA,80,155,"{""contact"": 0, ""email"": 0, ""sitemap"": 0, ""help"": 0}",Yes,28,FALSE,23/08/2017 08:01:07,44,10,Field NA
https://www.facebook.com/firesideofficesolutions/posts/1221132361276203,articles,com,17,0.9997732773,0,"[87, 49]",317,32,"{""contact"": 0, ""email"": 0, ""sitemap"": 0, ""help"": 1}",Yes,16,FALSE,21/08/2017 11:17:03,1,14,Field NA
https://saltthepass.com/#help-about,Portrayl-org,com,36,0.5,0,Error in binding req to urllib2,133,0,"{""contact"": 1, ""email"": 0, ""sitemap"": 0, ""help"": 1}",No,104,TRUE,08/08/2017 15:53:20,1,34,Field NA
http://www.pcworld.com/article/2059901/microsofts-windows-azure-cloud-hit-by-worldwide-management-interuption.html,articles,com,33,0.8179724614,0,"[94, 65]",+++,247,"{""contact"": 1, ""email"": 0, ""sitemap"": 0, ""help"": 0}",No,3,TRUE,24/09/2017 07:42:54,1,30,https://www.pcworld.com/article/2059901/microsofts-windows-azure-cloud-hit-by-worldwide-management-interuption.html
http://www.opensourcesecuritypodcast.com/2016/10/episode-10-super-botnet-that-nobody-can.html,other,com,61,0.7621097614,0,NA,137,0,"{""contact"": 0, ""email"": 0, ""sitemap"": 0, ""help"": 0}",Yes,3,TRUE,20/08/2017 17:14:52,1,47,Field NA
http://www.mcafee.com/us/downloads/free-tools/how-to-use-stinger.aspx,help,com,63,1,1,NA,+++,13,"{""contact"": 1, ""email"": 0, ""sitemap"": 0, ""help"": 0}",Yes,82,TRUE,20/09/2017 16:38:04,1,29,https://www.mcafee.com/us/downloads/free-tools/how-to-use-stinger.aspx
http://www.itu.int/rec/T-REC-J.222.3,other,int,1,0.125,0,"[90, 46]",208,26,"{""contact"": 1, ""email"": 0, ""sitemap"": 1, ""help"": 0}",Yes,4,FALSE,05/10/2017 21:01:52,3,1,Field NA
http://www.newscientist.com/article/mg19025556.200?DCMP=NLC-nletter&nsref=mg19025556.200,articles,com,28,0.7583178463,0,Error in binding req to urllib2,44,2,"{""contact"": 1, ""email"": 0, ""sitemap"": 0, ""help"": 1}",Yes,0,TRUE,06/09/2017 19:07:43,1,17,https://www.newscientist.com/article/mg19025556-200-pentagon-sets-its-sights-on-social-networking-websites/?DCMP=NLC-nletter&nsref=mg19025556.200
http://dx.doi.org/10.1212%2Fwnl.42.11.2094,articles,org,42,0.7890664424,0,NA,235,12,"{""contact"": 1, ""email"": 1, ""sitemap"": 0, ""help"": 1}",Yes,69,FALSE,03/09/2017 18:15:57,1,27,http://www.neurology.org/content/42/11/2094
http://www.sec-1.com/,Portrayl-org,com,60,0.0763188428,42700000,"[66, 9]",210,8,"{""contact"": 1, ""email"": 1, ""sitemap"": 0, ""help"": 1}",Yes,0,FALSE,17/08/2017 13:24:21,1,22,Field NA
http://www.zdnet.com/article/the-dyn-report-what-we-know-so-far-about-the-worlds-biggest-ddos-attack/#ftag=RSSbaffb68,articles,com,77,0.548115993,0,Error in binding req to urllib2,192,7,"{""contact"": 0, ""email"": 0, ""sitemap"": 0, ""help"": 0}",Yes,1,FALSE,23/08/2017 09:19:55,1,64,Field NA
http://www.nytimes.com/2006/05/28/business/yourmoney/28gavin.html?pagewanted=print,articles,com,99,0.7392573677,0,Error in binding req to urllib2,175,7,"{""contact"": 0, ""email"": 0, ""sitemap"": 0, ""help"": 0}",Yes,3,TRUE,27/08/2017 18:43:43,1,13,Field NA
http://www.fullarmor.com/,Portrayl-org,com,30,0.5668647129,0,NA,118,2,"{""contact"": 0, ""email"": 0, ""sitemap"": 0, ""help"": 0}",No,1,TRUE,14/08/2017 06:52:38,1,3,http://fullarmorhapi.com/
http://www.prweb.com/releases/2014/04/prweb11762122.htm,articles,com,37,0.2527753482,0,NA,124,22,"{""contact"": 1, ""email"": 0, ""sitemap"": 0, ""help"": 0}",Yes,2,FALSE,28/07/2017 21:09:26,1,35,Field NA
http://dx.doi.org/10.1007%2F3-540-44598-6_8,other,com,+++,0.932605096,0,NA,45,18,"{""contact"": 1, ""email"": 0, ""sitemap"": 0, ""help"": 0}",Yes,46,FALSE,01/09/2017 11:34:46,1,16,https://link.springer.com/chapter/10.1007%2F3-540-44598-6_8
http://readwrite.com/2016/10/24/dyn-ddos-attack-sheds-new-light-on-the-growing-iot-problem-dl4/?utm_source=twitterfeed&utm_medium=twitter&utm_campaign=Feed%3A+readwriteweb+%28ReadWriteWeb%29,articles,com,124,0.2029121831,0,Error in binding req to urllib2,79,7,"{""contact"": 1, ""email"": 1, ""sitemap"": 0, ""help"": 0}",No,2,TRUE,22/08/2017 14:12:20,1,14,Field NA
https://www.4chan.org/news.php?all#95,articles,org,53,0.6463425748,0,"[86, 51]",47,2,"{""contact"": 1, ""email"": 0, ""sitemap"": 0, ""help"": 1}",Yes,6,Info not NA,07/09/2017 10:30:25,1,42,https://www.4chan.org/news?all
http://www.entrepreneur.com/video/248574,articles,com,30,0.6563714698,0,"[90, 49]",+++,0,"{""contact"": 0, ""email"": 0, ""sitemap"": 0, ""help"": 0}",Yes,0,FALSE,26/09/2017 13:11:43,1,28,https://www.entrepreneur.com/video/248574
https://technet.microsoft.com/en-us/library/dd883248(v=ws.10).aspx,Portrayl-org,com,115,0.7167777795,0,Error in binding req to urllib2,+++,7,"{""contact"": 1, ""email"": 0, ""sitemap"": 0, ""help"": 1}",Yes,20,TRUE,08/08/2017 17:01:39,1,61,Field NA
http://www.springframework.org/schema/beans,other,org,0,1,2,"[75, 8]",105,0,"{""contact"": 0, ""email"": 0, ""sitemap"": 0, ""help"": 0}",Yes,1,FALSE,27/08/2017 19:42:58,1,0,http://www.springframework.org/schema/beans/
https://itunes.apple.com/us/app/system-boost/id1113432947?mt=8,shop,com,28,0.1059153634,0,Error in binding req to urllib2,56,7,"{""contact"": 1, ""email"": 0, ""sitemap"": 0, ""help"": 1}",No,2,TRUE,22/08/2017 21:12:43,1,11,Field NA
http://www.bromba.com/faq/biofaqe.htm,help,com,24,1,0,"[70, 6]",93,65,"{""contact"": 1, ""email"": 0, ""sitemap"": 0, ""help"": 0}",No,10,FALSE,12/06/2016 14:46:12,1,19,Field NA
http://lacal.epfl.ch/page81774.html,articles,ch,24,1,0,"[71, 7]",37,1,"{""contact"": 1, ""email"": 1, ""sitemap"": 1, ""help"": 0}",Yes,36,TRUE,01/09/2017 13:25:50,1,16,https://lacal.epfl.ch/112bit_prime
http://www.expertreviews.co.uk/software/1295827/mcafee-security-as-a-service,articles,uk,42,0.2897280867,0,"[91, 50]",1500,6,"{""contact"": 1, ""email"": 0, ""sitemap"": 0, ""help"": 0}",No,55,TRUE,25/09/2017 07:42:19,1,33,http://www.expertreviews.co.uk/mcafee/1402049/mcafee-saas-enpoint-protection-review
http://gigaom.com/cloud/the-20-million-club-10-well-funded-cloud-startups/,shop,com,53,0.0693508766,0,NA,+++,21,"{""contact"": 1, ""email"": 0, ""sitemap"": 0, ""help"": 0}",No,7,TRUE,24/09/2017 07:15:48,1,12,https://gigaom.com/2010/10/29/the-20-million-club-10-well-funded-cloud-startups/
http://www.wikisky.org/starview?object=Andromeda+Galaxy,other,org,45,0.2109916273,0,Error in binding req to urllib2,76,62,"{""contact"": 0, ""email"": 0, ""sitemap"": 0, ""help"": 1}",Yes,138,Info not NA,09/09/2017 14:52:52,2,42,http://server3.wikisky.org/starview?object=Andromeda+Galaxy
http://www.bluering.nl/pgp/,articles,nl,0,0.0488910527,0,"[60, 2]",137,0,"{""contact"": 1, ""email"": 0, ""sitemap"": 0, ""help"": 0}",No,3,FALSE,05/09/2001 13:47:03,1,0,Field NA
http://www.prolexic.com/news/20070514-alert.php,articles,com,16,0.5192830289,0,NA,55,32,"{""contact"": 1, ""email"": 0, ""sitemap"": 0, ""help"": 0}",Yes,268,TRUE,07/09/2017 10:15:37,1,16,https://www.akamai.com/us/en/cloud-security.jsp
http://www.sans.org/reading_room/whitepapers/win2k/,other,org,37,0.0311547248,0,"[92, 48]",105,2,"{""contact"": 1, ""email"": 0, ""sitemap"": 0, ""help"": 1}",No,0,FALSE,11/08/2017 16:05:39,1,32,http://www.sans.org/reading-room/whitepapers/win2k/
http://hsgac.senate.gov/public/index.cfm?FuseAction=Files.View&FileStore_id=4ee63497-ca5b-4a4b-9bba-04b7f4cb0123,Portrayl-org,gov,47,0.1075303192,0,"[93, 26]",+++,1,"{""contact"": 1, ""email"": 0, ""sitemap"": 0, ""help"": 0}",No,3,FALSE,28/09/2017 14:25:53,1,3,https://www.hsgac.senate.gov/
https://books.google.com/books?id=LMA3dh605bgC&pg=PA3,articles,in,43,0.310515271,0,Error in binding req to urllib2,21,5,"{""contact"": 0, ""email"": 0, ""sitemap"": 0, ""help"": 0}",Yes,0,FALSE,03/09/2017 17:33:54,1,31,https://books.google.co.in/books?id=LMA3dh605bgC&pg=PA3&redir_esc=y
https://eprint.iacr.org/2011/506,articles,org,1,1,0,NA,43,2,"{""contact"": 0, ""email"": 0, ""sitemap"": 0, ""help"": 0}",No,7,FALSE,01/09/2017 14:58:12,1,0,Field NA
http://www.theverge.com/2016/10/24/13380448/ddos-dyn-attack-internet-infrastructure?utm_campaign=theverge&utm_content=entry&utm_medium=social&utm_source=twitter,articles,com,76,0.0064532226,0,Error in binding req to urllib2,+++,44,"{""contact"": 1, ""email"": 0, ""sitemap"": 0, ""help"": 0}",Yes,16,FALSE,20/08/2017 18:42:17,1,34,https://www.theverge.com/2016/10/24/13380448/ddos-dyn-attack-internet-infrastructure?utm_campaign=theverge&utm_content=entry&utm_medium=social&utm_source=twitter
http://news.bbc.co.uk/1/hi/world/americas/736719.stm,help,uk,6,0.9986009435,0,NA,191,0,"{""contact"": 0, ""email"": 1, ""sitemap"": 0, ""help"": 1}",Yes,52,FALSE,15/08/2017 10:00:14,1,3,Field NA
http://browsers.about.com/od/allaboutwebbrowsers/a/bestsecurityff.htm,articles,com,75,0.9228827453,0,"[90, 11]",49,0,"{""contact"": 1, ""email"": 1, ""sitemap"": 0, ""help"": 1}",Yes,0,FALSE,10/09/2017 09:08:30,1,4,https://www.lifewire.com/firefox-security-tips-and-tools-2487972
http://www.thebyteshow.com/,Portrayl-org,com,3,0.0364828934,0,NA,324,+++,+++,No,0,FALSE,11/12/2016 22:48:12,1,3,Field NA
http://www.hpcloud.com/blog/hp-cloud-dns-your-service/,other,com,22,0.0285714286,0,NA,+++,9,"{""contact"": 1, ""email"": 1, ""sitemap"": 0, ""help"": 0}",No,115,FALSE,26/09/2017 10:17:27,14,20,https://www.hpe.com/us/en/solutions/cloud.html
https://web.archive.org/web/20070521053106/http://www.telegraph.co.uk/news/main.jhtml?xml=/news/2007/05/19/wmaddy19.xml,articles,org,33,0.9958070597,0,Error in binding req to urllib2,41,0,"{""contact"": 0, ""email"": 1, ""sitemap"": 0, ""help"": 1}",Yes,106,FALSE,20/09/2017 11:20:00,2,4,Field NA
https://twitter.com/i/web/status/790407027319246849,articles,com,21,0.4643677174,0,"[92, 60]",24,157,"{""contact"": 0, ""email"": 0, ""sitemap"": 0, ""help"": 0}",Yes,69,FALSE,24/08/2017 10:32:07,44,13,Field NA
https://books.google.com/books?id=-s4DEy7o-a0C&pg=PA202,articles,in,43,0.1206988052,0,Error in binding req to urllib2,23,0,"{""contact"": 0, ""email"": 0, ""sitemap"": 0, ""help"": 0}",Yes,0,FALSE,01/09/2017 14:47:40,1,31,https://books.google.co.in/books?id=-s4DEy7o-a0C&pg=PA202&redir_esc=y
https://access.redhat.com/security/cve/,Portrayl-org,com,365,0.8978783715,79800,"[94, 53]",390,26,"{""contact"": 1, ""email"": 0, ""sitemap"": 0, ""help"": 1}",Yes,43,TRUE,10/08/2017 12:49:05,10,44,https://access.redhat.com/security/security-updates/
http://www.singularsecurity.com/,Portrayl-org,com,57,0.4162268447,0,"[60, 3]",129,4,"{""contact"": 1, ""email"": 1, ""sitemap"": 0, ""help"": 0}",Yes,0,TRUE,14/08/2017 07:39:50,1,5,https://www.singularsecurity.com/
https://chrome.google.com/webstore/category/extensions?_sort=1,shop,com,0,1,0,Error in binding req to urllib2,20,64,"{""contact"": 0, ""email"": 0, ""sitemap"": 0, ""help"": 0}",Yes,0,FALSE,31/08/2017 19:43:20,1,0,Field NA
https://twitter.com/i/web/status/790462277803737088,articles,com,14,0.6695143342,0,"[92, 60]",18,165,"{""contact"": 0, ""email"": 0, ""sitemap"": 0, ""help"": 0}",Yes,32,FALSE,20/08/2017 08:23:54,45,9,Field NA
http://www.wizard-industries.com/,Portrayl-org,com,24,0.0138714577,6,"[60, 2]",426,0,"{""contact"": 1, ""email"": 0, ""sitemap"": 0, ""help"": 0}",Yes,0,FALSE,13/08/2017 08:19:31,1,1,Field NA
https://web.archive.org/web/20071118135436/http://www.sia.com/capitol_hill/html/securities_regulation.html,other,org,22,1,0,"[60, 2]",+++,0,"{""contact"": 0, ""email"": 0, ""sitemap"": 0, ""help"": 1}",No,20,FALSE,31/08/2017 13:14:18,1,4,Field NA
http://www.theverge.com/2016/10/21/13362354/dyn-dns-ddos-attack-cause-outage-status-explained,articles,com,73,0.008776152,0,NA,47,25,"{""contact"": 1, ""email"": 0, ""sitemap"": 0, ""help"": 0}",Yes,12,FALSE,19/08/2017 21:35:35,1,21,https://www.theverge.com/2016/10/21/13362354/dyn-dns-ddos-attack-cause-outage-status-explained
https://code.google.com/chrome/extensions/hosting.html,other,com,25,1,1490000,"[93, 50]",53,0,"{""contact"": 0, ""email"": 0, ""sitemap"": 0, ""help"": 1}",No,321,FALSE,09/09/2017 16:04:56,1,25,https://developer.chrome.com/extensions/hosting
http://www.newssummedup.com/a/dbs7m9,articles,com,31,0.0074938979,0,NA,50,3,"{""contact"": 0, ""email"": 0, ""sitemap"": 0, ""help"": 0}",Yes,51,TRUE,24/08/2017 11:27:08,1,17,Field NA
http://www.kohanaframework.org/,other,org,3,0.6092284418,0,"[87, 10]",73,0,"{""contact"": 0, ""email"": 0, ""sitemap"": 0, ""help"": 0}",Yes,0,FALSE,05/07/2017 14:48:03,1,3,http://kohanaframework.org/
http://www.opswat.com/,Portrayl-org,com,18,0.5935421894,0,"[90, 51]",166,4,"{""contact"": 0, ""email"": 0, ""sitemap"": 0, ""help"": 0}",No,131,TRUE,13/08/2017 08:00:36,1,18,https://www.opswat.com/
https://www.uscis.gov/news/alerts/new-law-increases-h-1b-and-l-1-petition-fees,help,gov,27,0.5867910503,0,"[94, 57]",+++,2,"{""contact"": 1, ""email"": 1, ""sitemap"": 0, ""help"": 0}",No,107,TRUE,31/08/2017 18:33:16,1,24,Field NA
http://docs.saltstack.org/en/latest/topics/installation/solaris.html,other,com,7,1,0,NA,28,2,"{""contact"": 0, ""email"": 0, ""sitemap"": 0, ""help"": 0}",No,60,FALSE,31/08/2017 13:03:22,1,7,https://docs.saltstack.com/en/latest/topics/installation/solaris.html
https://quttera.com/website-scanner-statistics-last-day,other,com,10,0.6071456684,0,"[87, 46]",37,0,"{""contact"": 0, ""email"": 0, ""sitemap"": 0, ""help"": 0}",Yes,3,FALSE,19/08/2017 18:52:19,1,7,Field NA
http://www.inforiskgroup.com/,Portrayl-org,com,11,0.6089993259,0,"[68, 10]",92,3,"{""contact"": 1, ""email"": 0, ""sitemap"": 0, ""help"": 0}",Yes,24,FALSE,17/08/2017 07:16:29,1,10,Field NA
http://www.ncbi.nlm.nih.gov/pubmed/8667166,articles,gov,35,0.1998605373,0,NA,+++,0,"{""contact"": 1, ""email"": 0, ""sitemap"": 0, ""help"": 1}",Yes,40,TRUE,27/09/2017 13:51:05,1,28,https://www.ncbi.nlm.nih.gov/pubmed/8667166
http://www.integrigy.com/,Portrayl-org,com,12,0.0245167568,44000000,"[61, 4]",332,4,"{""contact"": 1, ""email"": 0, ""sitemap"": 0, ""help"": 0}",No,2,TRUE,12/08/2017 19:39:12,1,8,https://www.integrigy.com/
http://dx.doi.org/10.1146%2Fannurev.aa.14.090176.002221,articles,org,9,0.2494629488,0,"[90, 40]",183,0,"{""contact"": 1, ""email"": 0, ""sitemap"": 0, ""help"": 1}",Yes,1,FALSE,09/09/2017 12:54:41,1,4,http://www.annualreviews.org/action/cookieAbsent
http://community.norton.com/t5/Norton-Protection-Blog/What-s-new-in-Norton-Internet-Security-2011/ba-p/222807,Portrayl-org,com,69,0.0668348799,0,NA,+++,60,"{""contact"": 0, ""email"": 0, ""sitemap"": 0, ""help"": 1}",No,3,TRUE,07/10/2017 12:32:41,1,53,https://community.norton.com/node/5253
http://www.hc-sc.gc.ca/ahc-asc/pubs/_sites-lieux/insite/index-eng.php,articles,ca,43,0.25,0,NA,53,32,"{""contact"": 1, ""email"": 0, ""sitemap"": 0, ""help"": 1}",Yes,2,FALSE,03/09/2017 19:01:16,2,34,https://www.canada.ca/en/health-canada/corporate/about-health-canada/reports-publications/vancouver-insite-service-other-supervised-injection-sites-what-been-learned-research.html
http://www.upi.com/Security_Terrorism/Analysis/2007/04/12/analysis_owning_the_keys_to_the_internet/,other,com,109,0.0737665533,0,"[90, 50]",+++,1,"{""contact"": 1, ""email"": 0, ""sitemap"": 0, ""help"": 1}",No,1,FALSE,09/10/2017 00:52:38,1,14,https://www.upi.com/Defense-News/
http://arxiv.org/abs/1404.6540,articles,org,12,0.0909090909,0,"[93, 53]",+++,0,"{""contact"": 1, ""email"": 1, ""sitemap"": 0, ""help"": 1}",Yes,1,Info not NA,20/05/2015 13:46:32,1,6,https://arxiv.org/abs/1404.6540
http://arxiv.org/abs/1008.2147,articles,org,13,0.0909090909,0,"[93, 53]",112,0,"{""contact"": 1, ""email"": 1, ""sitemap"": 0, ""help"": 1}",Yes,1,Info not NA,29/05/2013 19:51:30,1,7,https://arxiv.org/abs/1008.2147
http://www.empireonline.com/reviews/ReviewComplete.asp?FID=134964,articles,com,12,0.4057022232,0,"[93, 52]",68,39,"{""contact"": 0, ""email"": 0, ""sitemap"": 0, ""help"": 0}",Yes,21,FALSE,06/09/2017 21:17:25,1,11,http://www.empireonline.com/movies/halloween-2/review/
http://www.google.com/corporate/software_principles.html,other,com,19,0.9746039582,2,"[94, 69]",119,24,"{""contact"": 1, ""email"": 0, ""sitemap"": 0, ""help"": 1}",No,5,TRUE,04/08/2017 04:00:00,1,17,https://www.google.com/about/
http://www.ewido.net/en/,shop,com,34,1,0,"[94, 63]",+++,42,"{""contact"": 1, ""email"": 0, ""sitemap"": 0, ""help"": 0}",Yes,121,TRUE,06/10/2017 11:18:02,1,22,https://www.avg.com/en-ww/homepage
http://news.bbc.co.uk/1/hi/sci/tech/743082.stm,articles,uk,11,0.9987935243,0,NA,140,0,"{""contact"": 0, ""email"": 1, ""sitemap"": 0, ""help"": 1}",Yes,66,FALSE,15/08/2017 10:00:32,1,7,Field NA
https://twitter.com/greenstreetweet/status/790629392921821185/photo/1,articles,com,15,0.6720551875,0,NA,47,159,"{""contact"": 0, ""email"": 0, ""sitemap"": 0, ""help"": 0}",Yes,28,FALSE,20/08/2017 19:38:35,44,11,Field NA
http://www.dreadcentral.com/news/34203/directors-cut-rob-zombies-halloween-ready-go,articles,com,77,0.1433069501,0,"[89, 45]",43,5,"{""contact"": 0, ""email"": 0, ""sitemap"": 0, ""help"": 0}",Yes,19,TRUE,06/09/2017 21:32:47,1,13,http://www.dreadcentral.com/news/34203/umbrella-welcomes-you-in-latest-resident-evil-retribution-viral/
http://www.ic3.gov/default.aspx,help,gov,0,0.1,2,"[93, 59]",+++,0,"{""contact"": 0, ""email"": 0, ""sitemap"": 0, ""help"": 1}",No,0,FALSE,28/09/2017 11:38:32,1,0,https://www.ic3.gov/default.aspx
https://books.google.com/books?id=TOR9SwAACAAJ,articles,in,54,0.2792533465,0,Error in binding req to urllib2,+++,0,"{""contact"": 0, ""email"": 0, ""sitemap"": 1, ""help"": 0}",Yes,0,FALSE,08/10/2017 23:07:43,1,42,https://books.google.co.in/books?id=TOR9SwAACAAJ&redir_esc=y
